day,pressure ,maxtemp,temparature,mintemp,dewpoint,humidity ,cloud ,sunshine,         winddirection,windspeed,rainfall,rain_prob,orders,delivery_time,delays,cancellations,date,delay_pct,cancel_pct
Sunday,1025.9,19.9,18.3,16.8,13.1,72,49,9.3,80.0,26.3,yes,0.11999022493641337,118,20,5,2,2023-01-01,0.0423728813559322,0.01694915254237288
Monday,1022.0,21.7,18.9,17.2,15.6,81,83,0.6,50.0,15.3,yes,0.022211132340981998,100,29,13,6,2023-01-02,0.13,0.06
Tuesday,1019.7,20.3,19.3,18.0,18.4,95,91,0.0,40.0,14.2,yes,0.1445304013542711,96,29,8,7,2023-01-03,0.08333333333333333,0.07291666666666667
Wednesday,1018.9,22.3,20.6,19.1,18.8,90,88,1.0,50.0,16.9,yes,0.24161153072226707,99,24,10,6,2023-01-04,0.10101010101010101,0.06060606060606061
Thursday,1015.9,21.3,20.7,20.2,19.9,95,81,0.0,40.0,13.7,yes,0.13478990280149006,83,27,9,6,2023-01-05,0.10843373493975904,0.07228915662650602
Friday,1018.8,24.3,20.9,19.2,18.0,84,51,7.7,20.0,14.5,yes,0.25888795041636303,83,31,7,3,2023-01-06,0.08433734939759036,0.03614457831325301
Saturday,1021.8,21.4,18.8,17.0,15.0,79,56,3.4,30.0,21.5,no,0.28430112730244517,105,22,11,7,2023-01-07,0.10476190476190476,0.06666666666666667
Sunday,1020.8,21.0,18.4,16.5,14.4,78,28,7.7,60.0,14.3,no,0.11762337020018969,116,21,13,7,2023-01-08,0.11206896551724138,0.0603448275862069
Monday,1020.6,18.9,18.1,17.1,14.3,78,79,3.3,70.0,39.3,no,0.04003069496465168,91,24,11,7,2023-01-09,0.12087912087912088,0.07692307692307693
Tuesday,1017.5,18.5,18.0,17.2,15.5,85,91,0.0,70.0,37.7,yes,0.1117497592941006,98,30,12,6,2023-01-10,0.12244897959183673,0.061224489795918366
Wednesday,1016.5,20.4,18.1,16.5,16.4,90,90,2.1,40.0,23.3,yes,0.248987666934163,86,33,14,5,2023-01-11,0.16279069767441862,0.05813953488372093
Thursday,1019.9,18.5,17.3,16.1,13.7,79,86,0.6,20.0,23.9,no,0.2744127806560626,93,32,11,5,2023-01-12,0.11827956989247312,0.053763440860215055
Friday,1020.8,18.7,16.1,14.2,12.1,77,34,9.1,30.0,24.4,no,0.2615397583820757,83,21,7,4,2023-01-13,0.08433734939759036,0.04819277108433735
Saturday,1019.3,17.5,16.5,15.6,12.9,79,81,1.5,60.0,33.2,yes,0.24042388982140567,109,23,13,3,2023-01-14,0.11926605504587157,0.027522935779816515
Sunday,1015.4,16.1,15.1,14.5,14.6,97,97,0.0,50.0,37.5,yes,0.05885677632108553,102,29,13,3,2023-01-15,0.12745098039215685,0.029411764705882353
Monday,1013.5,17.1,16.4,15.5,15.6,95,93,0.0,60.0,40.0,yes,0.2271768475888389,89,31,13,4,2023-01-16,0.14606741573033707,0.0449438202247191
Tuesday,1011.5,20.6,17.8,14.8,16.1,90,79,1.6,20.0,23.4,yes,0.170265021386349,93,23,13,7,2023-01-17,0.13978494623655913,0.07526881720430108
Wednesday,1017.1,17.8,15.2,11.9,11.1,76,49,3.9,50.0,28.4,no,0.13711382920446893,100,21,13,6,2023-01-18,0.13,0.06
Thursday,1020.1,17.6,16.4,15.3,12.5,78,84,1.0,60.0,38.0,no,0.16135512782407482,97,30,5,2,2023-01-19,0.05154639175257732,0.020618556701030927
Friday,1019.6,16.8,15.5,14.8,13.9,90,92,0.0,70.0,50.6,yes,0.25822796622765115,100,25,12,6,2023-01-20,0.12,0.06
Saturday,1017.7,17.1,16.1,15.1,15.3,95,100,0.0,50.0,26.2,yes,0.27990609710379816,117,34,13,5,2023-01-21,0.1111111111111111,0.042735042735042736
Sunday,1018.9,16.2,14.1,10.3,12.9,92,100,0.0,50.0,35.3,yes,0.1833035808228331,107,31,10,5,2023-01-22,0.09345794392523364,0.04672897196261682
Monday,1027.1,10.4,8.5,7.0,3.4,70,95,0.0,20.0,55.5,yes,0.016059425106910896,89,32,12,3,2023-01-23,0.1348314606741573,0.033707865168539325
Tuesday,1034.6,7.1,4.9,3.1,2.2,61,96,0.0,20.0,59.5,yes,0.25544450339844527,91,34,13,4,2023-01-24,0.14285714285714285,0.04395604395604396
Wednesday,1032.6,10.8,7.4,4.3,3.7,46,25,10.1,20.0,28.7,no,0.25224244524772854,81,30,14,6,2023-01-25,0.1728395061728395,0.07407407407407407
Thursday,1027.1,13.5,10.4,8.1,2.5,59,85,0.4,20.0,21.3,yes,0.29445770726072446,81,23,12,2,2023-01-26,0.14814814814814814,0.024691358024691357
Friday,1022.7,15.3,13.0,9.8,11.6,92,95,0.2,20.0,29.6,yes,0.257549089818925,88,29,5,2,2023-01-27,0.056818181818181816,0.022727272727272728
Saturday,1018.2,17.4,16.1,14.8,15.7,98,100,0.0,60.0,28.8,yes,0.18112060967497182,108,26,8,4,2023-01-28,0.07407407407407407,0.037037037037037035
Sunday,1017.9,17.4,16.6,15.9,15.9,96,91,0.2,50.0,25.0,yes,0.29698951120355527,109,27,8,6,2023-01-29,0.07339449541284404,0.05504587155963303
Monday,1020.0,19.9,17.6,16.2,15.5,88,80,3.3,50.0,21.2,no,0.019144245366955935,83,32,11,3,2023-01-30,0.13253012048192772,0.03614457831325301
Tuesday,1019.9,16.2,15.7,15.3,13.4,86,93,0.1,70.0,43.1,yes,0.16195446652154127,91,28,13,5,2023-01-31,0.14285714285714285,0.054945054945054944
Wednesday,1022.2,15.6,12.4,10.7,11.2,93,96,0.0,20.0,31.9,yes,0.01409085496667204,98,30,5,5,2023-02-01,0.05102040816326531,0.05102040816326531
Thursday,1024.4,11.2,10.4,9.4,6.8,79,94,0.0,10.0,27.3,yes,0.20044264444210727,89,31,8,4,2023-02-02,0.0898876404494382,0.0449438202247191
Friday,1023.6,14.3,12.5,10.3,8.6,77,88,0.3,40.0,21.3,yes,0.1413214599217131,85,27,11,2,2023-02-03,0.12941176470588237,0.023529411764705882
Saturday,1021.8,18.8,15.2,13.3,10.9,76,45,9.2,40.0,9.1,no,0.25319846589479456,103,30,5,2,2023-02-04,0.04854368932038835,0.019417475728155338
Sunday,1021.2,18.6,14.8,12.3,8.4,66,18,10.1,20.0,24.4,no,0.2928362900444257,114,21,7,3,2023-02-05,0.06140350877192982,0.02631578947368421
Monday,1024.9,17.4,13.6,11.2,0.3,39,13,10.2,20.0,44.7,no,0.11736200374682855,90,21,7,4,2023-02-06,0.07777777777777778,0.044444444444444446
Tuesday,1026.1,18.1,13.7,9.9,1.7,36,2,10.2,20.0,20.5,no,0.17693195649082993,85,33,5,2,2023-02-07,0.058823529411764705,0.023529411764705882
Wednesday,1023.9,19.6,14.8,11.6,4.3,52,0,10.2,40.0,16.7,no,0.05271166134941909,93,32,6,4,2023-02-08,0.06451612903225806,0.043010752688172046
Thursday,1020.8,21.2,16.7,12.7,7.2,54,29,10.2,40.0,17.2,no,0.2311018036975734,92,24,12,6,2023-02-09,0.13043478260869565,0.06521739130434782
Friday,1017.5,17.3,16.6,15.3,9.8,64,77,0.1,40.0,22.0,yes,0.1620595919065432,81,33,8,7,2023-02-10,0.09876543209876543,0.08641975308641975
Saturday,1014.9,22.4,18.8,17.2,16.4,86,80,2.4,40.0,15.8,yes,0.14737791738246625,105,30,6,6,2023-02-11,0.05714285714285714,0.05714285714285714
Sunday,1013.4,21.6,19.2,17.6,18.5,95,86,0.6,30.0,13.9,yes,0.26229710508775317,116,30,12,7,2023-02-12,0.10344827586206896,0.0603448275862069
Monday,1012.5,25.9,23.1,21.3,21.1,89,76,3.5,200.0,10.2,no,0.07896787232266457,93,24,7,5,2023-02-13,0.07526881720430108,0.053763440860215055
Tuesday,1014.8,24.6,21.7,17.4,18.1,81,82,3.9,20.0,15.3,yes,0.06395617219739956,100,34,7,4,2023-02-14,0.07,0.04
Wednesday,1024.3,17.5,13.2,11.4,6.6,64,88,0.0,20.0,33.5,yes,0.19273748421736045,82,21,9,3,2023-02-15,0.10975609756097561,0.036585365853658534
Thursday,1025.4,15.1,12.8,10.9,6.0,63,89,0.7,20.0,23.5,no,0.13823523021776157,94,27,13,4,2023-02-16,0.13829787234042554,0.0425531914893617
Friday,1024.1,14.4,12.9,11.6,8.9,77,91,0.0,20.0,19.2,yes,0.29568876708973685,85,24,7,6,2023-02-17,0.08235294117647059,0.07058823529411765
Saturday,1021.9,15.0,13.7,11.7,11.8,89,95,0.0,40.0,18.6,yes,0.02074904580521919,103,33,5,4,2023-02-18,0.04854368932038835,0.038834951456310676
Sunday,1020.3,16.3,15.3,14.6,13.3,88,94,0.0,40.0,22.2,yes,0.2902414113774928,111,23,7,4,2023-02-19,0.06306306306306306,0.036036036036036036
Monday,1023.2,20.1,16.0,12.5,9.6,67,55,5.9,20.0,23.9,yes,0.15495205459800884,88,25,9,7,2023-02-20,0.10227272727272728,0.07954545454545454
Tuesday,1022.2,15.9,15.0,14.7,11.0,77,82,0.0,70.0,44.7,yes,0.2989760435601914,86,29,13,7,2023-02-21,0.1511627906976744,0.08139534883720931
Wednesday,1020.6,17.6,16.1,14.6,14.7,91,88,0.3,50.0,24.4,yes,0.0028305301385159074,85,29,11,5,2023-02-22,0.12941176470588237,0.058823529411764705
Thursday,1022.3,16.7,15.5,13.7,14.3,92,88,0.0,20.0,19.3,yes,0.27552509558237387,94,34,7,3,2023-02-23,0.07446808510638298,0.031914893617021274
Friday,1027.5,15.5,13.7,12.3,10.0,78,88,0.0,20.0,28.0,yes,0.0602607413741858,93,23,6,4,2023-02-24,0.06451612903225806,0.043010752688172046
Saturday,1028.9,16.8,14.8,13.5,10.5,76,87,0.1,20.0,20.4,no,0.1210872363348752,119,27,14,5,2023-02-25,0.11764705882352941,0.04201680672268908
Sunday,1027.4,17.6,15.2,14.0,11.6,79,88,0.2,30.0,15.2,yes,0.2624835036411765,117,29,7,4,2023-02-26,0.05982905982905983,0.03418803418803419
Monday,1024.7,17.5,15.5,13.8,11.7,79,79,5.0,20.0,9.1,yes,0.12141890337527175,86,31,10,4,2023-02-27,0.11627906976744186,0.046511627906976744
Tuesday,1023.8,20.9,16.6,13.3,11.5,72,49,9.5,20.0,9.2,no,0.14691222688264002,82,21,7,4,2023-02-28,0.08536585365853659,0.04878048780487805
Wednesday,1024.4,24.8,18.5,14.4,10.1,61,19,10.7,40.0,16.9,no,0.0861176156747619,99,34,9,6,2023-03-01,0.09090909090909091,0.06060606060606061
Thursday,1024.7,19.7,16.5,14.6,11.5,73,43,9.9,70.0,34.2,no,0.23836467899275143,92,27,5,2,2023-03-02,0.05434782608695652,0.021739130434782608
Friday,1023.8,20.6,16.6,14.4,11.4,72,32,10.6,60.0,27.1,no,0.10960718585979598,85,21,13,5,2023-03-03,0.15294117647058825,0.058823529411764705
Saturday,1020.9,23.8,18.7,15.4,14.0,75,46,10.0,40.0,14.7,no,0.07984718285602244,110,29,5,2,2023-03-04,0.045454545454545456,0.01818181818181818
Sunday,1018.1,23.2,20.2,18.1,16.9,82,71,3.0,40.0,15.4,no,0.29954294220736616,111,24,14,7,2023-03-05,0.12612612612612611,0.06306306306306306
Monday,1016.7,23.1,20.8,19.2,16.9,79,83,0.5,30.0,13.3,yes,0.2846108892438279,89,21,11,4,2023-03-06,0.12359550561797752,0.0449438202247191
Tuesday,1015.8,25.9,21.8,19.2,18.0,79,72,7.6,220.0,6.6,no,0.24224358688406752,88,22,8,6,2023-03-07,0.09090909090909091,0.06818181818181818
Wednesday,1014.9,21.3,19.7,18.9,18.2,91,76,0.0,40.0,13.8,yes,0.17442317225853562,82,33,8,2,2023-03-08,0.0975609756097561,0.024390243902439025
Thursday,1012.5,21.5,20.1,18.9,18.9,93,88,0.3,40.0,15.3,no,0.253933554094184,82,23,8,3,2023-03-09,0.0975609756097561,0.036585365853658534
Friday,1012.5,22.9,20.8,17.1,19.9,95,88,0.6,50.0,15.1,yes,0.11971567845716614,96,22,5,4,2023-03-10,0.052083333333333336,0.041666666666666664
Saturday,1019.5,17.2,13.4,10.0,12.2,93,93,0.0,20.0,39.7,yes,0.046975734147974034,104,34,10,4,2023-03-11,0.09615384615384616,0.038461538461538464
Sunday,1022.6,14.3,11.9,10.0,8.0,77,93,0.0,20.0,25.0,yes,0.054230861213846356,112,20,6,3,2023-03-12,0.05357142857142857,0.026785714285714284
Monday,1017.7,14.5,13.6,12.7,11.4,87,100,0.0,50.0,36.0,yes,0.1344383717864701,88,28,8,5,2023-03-13,0.09090909090909091,0.056818181818181816
Tuesday,1014.5,17.0,15.8,14.4,15.1,96,99,0.0,50.0,22.8,yes,0.05920624068799052,83,26,6,3,2023-03-14,0.07228915662650602,0.03614457831325301
Wednesday,1018.0,16.5,15.3,14.2,12.4,83,89,1.1,20.0,26.7,yes,0.07384265400714661,84,22,14,3,2023-03-15,0.16666666666666666,0.03571428571428571
Thursday,1017.1,15.5,14.8,14.0,11.1,79,94,0.0,70.0,38.0,yes,0.07932520587033583,92,34,11,7,2023-03-16,0.11956521739130435,0.07608695652173914
Friday,1015.0,16.3,15.3,14.1,13.6,90,100,0.0,60.0,33.2,yes,0.09394900880224023,86,28,12,2,2023-03-17,0.13953488372093023,0.023255813953488372
Saturday,1014.3,17.4,16.5,15.6,16.0,97,97,0.0,50.0,26.5,yes,0.14766885490937953,120,24,6,3,2023-03-18,0.05,0.025
Sunday,1012.0,21.9,19.5,17.2,19.0,97,92,0.1,30.0,13.1,yes,0.2792008359536583,104,22,11,3,2023-03-19,0.10576923076923077,0.028846153846153848
Monday,1013.0,24.9,22.4,20.3,21.4,94,85,1.5,40.0,12.5,yes,0.18189970976873743,82,29,13,4,2023-03-20,0.15853658536585366,0.04878048780487805
Tuesday,1014.7,23.1,19.0,17.6,17.4,91,96,0.0,50.0,28.0,yes,0.21638935413551252,85,21,5,6,2023-03-21,0.058823529411764705,0.07058823529411765
Wednesday,1014.8,18.2,17.1,16.4,16.3,95,95,0.1,60.0,38.3,yes,0.2845148118033565,97,32,13,5,2023-03-22,0.13402061855670103,0.05154639175257732
Thursday,1013.4,17.3,16.6,15.9,16.0,96,100,0.0,50.0,33.5,yes,0.18883213920490716,86,20,9,2,2023-03-23,0.10465116279069768,0.023255813953488372
Friday,1012.8,20.6,18.4,17.1,18.0,97,95,0.6,40.0,22.0,yes,0.25587058390686435,98,20,14,2,2023-03-24,0.14285714285714285,0.02040816326530612
Saturday,1020.2,17.7,15.3,12.7,14.9,98,99,0.0,70.0,42.0,yes,0.034646792541053906,104,32,11,5,2023-03-25,0.10576923076923077,0.04807692307692308
Sunday,1023.9,15.7,13.7,11.6,9.2,75,88,0.2,20.0,19.4,yes,0.24840749926218123,116,23,11,4,2023-03-26,0.09482758620689655,0.034482758620689655
Monday,1023.6,20.2,15.8,12.6,9.8,68,22,11.1,70.0,13.4,no,0.2609479658272679,93,31,11,2,2023-03-27,0.11827956989247312,0.021505376344086023
Tuesday,1024.1,22.4,17.3,14.6,8.4,58,19,11.1,30.0,14.6,no,0.22448053709809132,96,21,6,5,2023-03-28,0.0625,0.052083333333333336
Wednesday,1024.1,19.9,16.9,15.2,10.0,65,58,5.6,60.0,26.9,no,0.08502072668533227,93,24,6,5,2023-03-29,0.06451612903225806,0.053763440860215055
Thursday,1021.4,19.4,17.7,15.7,9.6,59,74,2.4,50.0,20.5,yes,0.05235698232171757,84,27,11,2,2023-03-30,0.13095238095238096,0.023809523809523808
Friday,1018.3,22.2,20.0,18.4,16.3,79,89,2.4,40.0,14.8,yes,0.2878664237129536,84,25,13,2,2023-03-31,0.15476190476190477,0.023809523809523808
Saturday,1015.3,25.5,21.5,19.1,18.9,86,83,6.1,50.0,4.5,no,0.28364197076783104,105,34,6,2,2023-04-01,0.05714285714285714,0.01904761904761905
Sunday,1014.5,25.3,21.9,19.9,19.5,86,83,3.6,50.0,8.3,no,0.2523946603601846,117,28,10,3,2023-04-02,0.08547008547008547,0.02564102564102564
Monday,1015.6,23.8,21.3,19.8,19.6,90,81,1.5,40.0,14.5,yes,0.2938786588760531,95,28,7,2,2023-04-03,0.07368421052631578,0.021052631578947368
Tuesday,1014.6,26.5,23.0,21.0,20.7,87,88,2.3,50.0,9.2,no,0.22148899557521115,96,33,13,4,2023-04-04,0.13541666666666666,0.041666666666666664
Wednesday,1012.5,28.1,23.6,20.7,21.4,88,84,2.2,120.0,8.0,yes,0.03537405245771117,84,31,7,6,2023-04-05,0.08333333333333333,0.07142857142857142
Thursday,1013.3,24.4,22.3,20.7,20.8,91,78,1.0,40.0,14.8,yes,0.0070157125176003145,83,26,12,4,2023-04-06,0.14457831325301204,0.04819277108433735
Friday,1013.3,26.5,23.1,21.5,21.6,91,83,6.9,70.0,20.0,no,0.23292723323052686,86,20,13,3,2023-04-07,0.1511627906976744,0.03488372093023256
Saturday,1013.2,26.9,23.9,22.4,22.3,91,84,1.8,40.0,10.0,no,0.10093761721610857,118,30,8,2,2023-04-08,0.06779661016949153,0.01694915254237288
Sunday,1013.3,27.9,25.3,23.2,22.9,87,84,2.5,40.0,9.1,yes,0.02534625336054409,108,22,9,6,2023-04-09,0.08333333333333333,0.05555555555555555
Monday,1011.6,27.5,25.7,24.4,23.2,86,88,1.2,200.0,17.3,yes,0.2808250220784832,81,34,11,5,2023-04-10,0.13580246913580246,0.06172839506172839
Tuesday,1009.2,26.3,23.3,21.3,21.9,92,93,0.0,190.0,20.5,yes,0.10752494977031167,89,21,8,6,2023-04-11,0.0898876404494382,0.06741573033707865
Wednesday,1010.1,22.8,21.5,20.1,19.9,91,89,0.0,70.0,31.8,yes,0.29034268333013885,91,30,9,3,2023-04-12,0.0989010989010989,0.03296703296703297
Thursday,1009.1,21.3,20.3,19.9,19.3,94,88,0.0,70.0,29.8,yes,0.0013358603246742872,92,30,6,6,2023-04-13,0.06521739130434782,0.06521739130434782
Friday,1005.5,25.1,21.8,20.9,21.6,98,93,0.0,40.0,14.5,yes,0.11230656594643613,83,28,14,2,2023-04-14,0.1686746987951807,0.024096385542168676
Saturday,1008.5,25.2,23.1,21.6,22.8,98,88,0.0,30.0,11.2,yes,0.27006087363843784,117,32,11,4,2023-04-15,0.09401709401709402,0.03418803418803419
Sunday,1011.4,23.5,21.1,20.6,20.6,97,88,0.0,30.0,20.0,yes,0.25486209805321236,114,24,7,7,2023-04-16,0.06140350877192982,0.06140350877192982
Monday,1010.5,28.1,24.7,20.6,22.7,89,81,3.5,210.0,15.3,yes,0.07864960320236271,100,25,13,5,2023-04-17,0.13,0.05
Tuesday,1010.9,27.5,25.9,24.1,24.2,90,86,1.1,190.0,16.0,yes,0.2549895067506605,90,30,14,4,2023-04-18,0.15555555555555556,0.044444444444444446
Wednesday,1014.4,26.7,23.1,20.1,20.8,87,81,1.2,80.0,19.6,yes,0.14942772013267444,81,30,5,4,2023-04-19,0.06172839506172839,0.04938271604938271
Thursday,1017.4,21.8,20.5,20.1,18.1,86,88,0.0,70.0,35.3,yes,0.24887960796491912,85,33,10,5,2023-04-20,0.11764705882352941,0.058823529411764705
Friday,1014.6,22.9,21.6,20.2,19.5,88,89,0.2,40.0,20.9,yes,0.27050948038002687,98,25,9,5,2023-04-21,0.09183673469387756,0.05102040816326531
Saturday,1012.5,28.4,24.6,22.0,22.3,87,80,4.8,30.0,7.3,yes,0.2110151769187022,107,28,12,4,2023-04-22,0.11214953271028037,0.037383177570093455
Sunday,1010.7,26.1,23.7,21.0,22.0,90,81,1.0,300.0,11.1,yes,0.06743852221660002,106,30,13,3,2023-04-23,0.12264150943396226,0.02830188679245283
Monday,1008.2,27.7,24.9,22.6,22.8,88,81,0.3,240.0,13.0,yes,0.06664434191891246,87,20,7,5,2023-04-24,0.08045977011494253,0.05747126436781609
Tuesday,1008.7,26.1,24.4,23.2,23.2,93,84,1.4,190.0,8.5,yes,0.12657898456761613,99,23,8,2,2023-04-25,0.08080808080808081,0.020202020202020204
Wednesday,1009.8,28.4,26.0,23.9,24.3,90,83,3.1,180.0,13.0,yes,0.18220652034770848,86,29,14,5,2023-04-26,0.16279069767441862,0.05813953488372093
Thursday,1009.5,28.5,27.2,26.0,24.5,86,87,1.3,200.0,24.2,yes,0.26824510550444053,82,26,12,4,2023-04-27,0.14634146341463414,0.04878048780487805
Friday,1008.2,29.1,26.8,25.4,24.0,85,83,3.6,230.0,20.2,yes,0.24889528203358705,92,25,12,4,2023-04-28,0.13043478260869565,0.043478260869565216
Saturday,1010.4,28.2,26.0,24.7,23.0,84,78,4.6,50.0,12.5,yes,0.13711781515441837,120,28,10,6,2023-04-29,0.08333333333333333,0.05
Sunday,1013.9,26.3,24.1,22.9,19.6,76,68,6.0,90.0,30.5,yes,0.09559087745344173,111,31,6,4,2023-04-30,0.05405405405405406,0.036036036036036036
Monday,1012.2,23.4,22.5,20.8,18.7,80,89,0.3,60.0,27.0,yes,0.023168679276260172,98,33,14,6,2023-05-01,0.14285714285714285,0.061224489795918366
Tuesday,1011.5,23.4,22.2,20.4,20.9,92,90,0.5,50.0,23.7,yes,0.09104573436255649,83,33,13,5,2023-05-02,0.1566265060240964,0.060240963855421686
Wednesday,1011.0,29.8,25.6,22.8,23.6,89,82,2.0,50.0,11.1,yes,0.3109382326773878,98,31,6,5,2023-05-03,0.061224489795918366,0.05102040816326531
Thursday,1011.4,30.8,26.5,22.8,23.9,86,84,3.1,220.0,11.8,yes,0.4049795573177796,102,30,21,13,2023-05-04,0.20588235294117646,0.12745098039215685
Friday,1011.4,28.2,25.8,23.2,23.4,87,82,2.7,40.0,9.2,yes,0.44636171204262626,111,32,24,8,2023-05-05,0.21621621621621623,0.07207207207207207
Saturday,1010.5,30.9,28.1,26.2,25.1,84,85,2.0,180.0,15.4,no,0.5150814234638998,135,31,15,11,2023-05-06,0.1111111111111111,0.08148148148148149
Sunday,1009.9,30.5,28.4,27.2,25.3,83,84,2.9,190.0,15.5,no,0.5056447339910728,136,44,23,8,2023-05-07,0.16911764705882354,0.058823529411764705
Monday,1010.6,31.0,28.7,27.1,25.1,81,69,4.7,170.0,12.1,no,0.5915775441022197,102,41,19,6,2023-05-08,0.18627450980392157,0.058823529411764705
Tuesday,1011.4,31.2,28.7,27.3,25.2,82,80,3.8,150.0,9.5,no,0.4841444961940766,101,30,19,8,2023-05-09,0.18811881188118812,0.07920792079207921
Wednesday,1010.1,30.6,28.7,26.9,25.0,81,69,3.9,170.0,16.3,no,0.5983686832324251,124,40,23,13,2023-05-10,0.18548387096774194,0.10483870967741936
Thursday,1008.1,28.4,26.6,23.7,24.3,87,84,0.3,220.0,12.0,yes,0.46971113423884714,117,41,19,6,2023-05-11,0.1623931623931624,0.05128205128205128
Friday,1008.6,28.8,25.5,23.4,20.6,75,62,8.8,80.0,26.0,no,0.3419685451831736,92,34,10,7,2023-05-12,0.10869565217391304,0.07608695652173914
Saturday,1009.8,27.6,25.1,23.7,21.4,80,78,5.0,70.0,28.6,yes,0.37430140079618335,116,32,13,3,2023-05-13,0.11206896551724138,0.02586206896551724
Sunday,1012.4,27.8,25.5,24.4,22.2,82,88,1.2,50.0,24.9,yes,0.5507043911153398,132,32,20,14,2023-05-14,0.15151515151515152,0.10606060606060606
Monday,1014.2,27.7,25.4,24.0,23.4,89,86,2.8,70.0,28.3,yes,0.4871065774869928,120,34,24,8,2023-05-15,0.2,0.06666666666666667
Tuesday,1012.1,29.8,26.6,24.4,23.7,85,75,7.7,50.0,15.7,yes,0.394120838446107,96,30,9,7,2023-05-16,0.09375,0.07291666666666667
Wednesday,1011.2,27.1,24.8,22.5,19.4,73,69,7.2,10.0,21.9,yes,0.5790896541066741,108,37,12,8,2023-05-17,0.1111111111111111,0.07407407407407407
Thursday,1012.3,24.6,23.7,23.2,20.1,80,86,0.3,80.0,39.5,yes,0.36196725693684556,94,31,11,5,2023-05-18,0.11702127659574468,0.05319148936170213
Friday,1012.0,26.3,24.5,23.4,19.9,76,79,4.8,70.0,30.3,no,0.5061800638646861,101,44,14,9,2023-05-19,0.13861386138613863,0.0891089108910891
Saturday,1009.9,28.1,25.5,24.0,22.5,84,85,3.5,70.0,26.4,yes,0.5982044751226612,132,43,17,11,2023-05-20,0.12878787878787878,0.08333333333333333
Sunday,1006.9,26.2,25.2,24.3,24.2,94,88,0.1,40.0,22.3,yes,0.4799295845274444,143,40,12,9,2023-05-21,0.08391608391608392,0.06293706293706294
Monday,1005.9,28.3,26.5,24.7,24.3,88,77,1.9,230.0,25.9,yes,0.44177308692195705,108,44,21,8,2023-05-22,0.19444444444444445,0.07407407407407407
Tuesday,1007.8,30.8,27.2,25.3,22.7,77,63,5.6,20.0,11.3,no,0.3412932650836918,89,28,11,4,2023-05-23,0.12359550561797752,0.0449438202247191
Wednesday,1008.4,28.9,26.8,24.8,23.2,81,65,6.4,20.0,7.9,yes,0.35287637229613517,87,23,8,6,2023-05-24,0.09195402298850575,0.06896551724137931
Thursday,1007.9,30.7,27.5,25.4,24.1,82,61,7.6,180.0,7.4,yes,0.49283588706011705,105,39,10,5,2023-05-25,0.09523809523809523,0.047619047619047616
Friday,1007.8,30.9,28.0,26.2,24.7,82,62,8.8,100.0,16.2,yes,0.3331127280745966,86,32,5,6,2023-05-26,0.05813953488372093,0.06976744186046512
Saturday,1007.6,29.5,27.6,26.7,24.8,85,84,1.8,70.0,34.8,yes,0.48089900540949204,130,30,21,12,2023-05-27,0.16153846153846155,0.09230769230769231
Sunday,1006.4,29.1,27.5,26.0,25.5,89,88,1.2,130.0,32.5,yes,0.5423676668874242,144,30,23,6,2023-05-28,0.1597222222222222,0.041666666666666664
Monday,1007.6,30.3,27.7,24.5,25.6,89,89,1.2,200.0,24.0,yes,0.3115241155813718,98,20,10,4,2023-05-29,0.10204081632653061,0.04081632653061224
Tuesday,1007.9,31.0,29.1,27.2,26.1,84,77,3.6,210.0,19.0,yes,0.40610875081688474,101,36,19,10,2023-05-30,0.18811881188118812,0.09900990099009901
Wednesday,1008.8,32.1,29.8,28.0,26.0,80,73,9.8,220.0,22.8,yes,0.46544927967025007,104,31,15,8,2023-05-31,0.14423076923076922,0.07692307692307693
Thursday,1009.5,31.8,29.9,28.7,25.7,79,72,7.0,220.0,25.2,no,0.5535742893066209,118,35,24,14,2023-06-01,0.2033898305084746,0.11864406779661017
Friday,1007.8,32.8,30.1,28.6,26.2,80,73,7.2,230.0,31.7,no,0.32170218543802154,93,27,7,5,2023-06-02,0.07526881720430108,0.053763440860215055
Saturday,1006.0,33.0,30.3,28.7,26.3,79,58,10.0,230.0,27.4,no,0.32299802350854434,112,26,10,5,2023-06-03,0.08928571428571429,0.044642857142857144
Sunday,1006.5,32.4,30.3,29.0,26.5,80,77,5.2,220.0,28.8,yes,0.31129397432591993,108,33,7,4,2023-06-04,0.06481481481481481,0.037037037037037035
Monday,1007.9,33.8,28.7,24.7,25.4,83,75,5.5,220.0,20.8,yes,0.477945627778317,116,33,17,13,2023-06-05,0.14655172413793102,0.11206896551724138
Tuesday,1008.8,30.4,26.9,25.0,24.3,86,87,0.7,20.0,9.8,yes,0.5351544754720114,117,41,14,5,2023-06-06,0.11965811965811966,0.042735042735042736
Wednesday,1008.8,29.1,26.2,24.8,24.7,91,80,2.2,20.0,11.2,yes,0.5835432586032503,100,34,11,6,2023-06-07,0.11,0.06
Thursday,1008.1,30.7,28.1,26.3,25.4,86,75,5.7,20.0,9.5,yes,0.36666949631227136,81,23,13,6,2023-06-08,0.16049382716049382,0.07407407407407407
Friday,1006.3,30.0,27.1,24.1,25.1,89,85,3.1,190.0,12.6,yes,0.44613861551801226,105,40,11,8,2023-06-09,0.10476190476190476,0.0761904761904762
Saturday,1005.7,31.7,28.2,26.6,25.7,86,79,6.5,,,yes,0.33671535832146593,116,30,5,7,2023-06-10,0.04310344827586207,0.0603448275862069
Sunday,1005.7,31.1,27.9,26.6,25.8,89,80,4.5,220.0,14.6,yes,0.5802607598276504,127,37,19,13,2023-06-11,0.14960629921259844,0.10236220472440945
Monday,1005.9,27.8,26.6,25.4,25.4,93,85,0.0,230.0,20.0,yes,0.34816314466197285,89,28,8,7,2023-06-12,0.0898876404494382,0.07865168539325842
Tuesday,1005.7,29.2,27.1,25.4,25.8,93,96,0.0,220.0,29.8,yes,0.4217291572460129,114,35,22,7,2023-06-13,0.19298245614035087,0.06140350877192982
Wednesday,1005.0,31.5,29.7,28.5,26.7,84,90,1.3,220.0,24.3,yes,0.5629014197952009,115,37,17,12,2023-06-14,0.14782608695652175,0.10434782608695652
Thursday,1004.2,31.7,30.2,29.2,26.6,81,88,2.4,220.0,30.0,yes,0.30421372736778246,96,33,12,5,2023-06-15,0.125,0.052083333333333336
Friday,1005.3,32.0,30.3,29.3,26.3,79,86,1.6,210.0,29.3,yes,0.3485757471453613,85,31,11,5,2023-06-16,0.12941176470588237,0.058823529411764705
Saturday,1006.7,31.4,29.4,28.2,25.9,82,88,1.6,230.0,23.2,yes,0.4524057048662102,144,42,14,10,2023-06-17,0.09722222222222222,0.06944444444444445
Sunday,1008.2,32.1,29.4,26.7,25.9,82,85,7.2,220.0,12.8,yes,0.5485537426012443,129,37,17,9,2023-06-18,0.13178294573643412,0.06976744186046512
Monday,1010.5,30.8,29.3,27.7,26.0,83,81,2.3,200.0,19.8,yes,0.3911096649952067,83,27,5,6,2023-06-19,0.060240963855421686,0.07228915662650602
Tuesday,1010.3,34.2,30.1,27.8,26.1,80,41,12.0,130.0,12.4,no,0.42853846683432084,107,41,13,8,2023-06-20,0.12149532710280374,0.07476635514018691
Wednesday,1008.5,34.4,30.8,28.6,26.3,78,59,9.1,170.0,12.1,yes,0.5656824069922404,110,38,16,10,2023-06-21,0.14545454545454545,0.09090909090909091
Thursday,1009.3,33.7,30.6,28.7,25.6,75,51,10.0,200.0,12.6,no,0.4324667398963027,102,32,15,7,2023-06-22,0.14705882352941177,0.06862745098039216
Friday,1009.5,33.7,30.5,28.5,25.3,75,32,9.3,220.0,10.9,no,0.5238105506942953,100,33,24,7,2023-06-23,0.24,0.07
Saturday,1008.4,34.1,30.4,28.4,24.7,72,20,11.4,210.0,9.6,no,0.5822740931021899,137,40,13,6,2023-06-24,0.0948905109489051,0.043795620437956206
Sunday,1008.1,35.2,31.0,28.8,25.0,72,38,11.2,180.0,9.0,no,0.30452354706471846,115,31,5,4,2023-06-25,0.043478260869565216,0.034782608695652174
Monday,1008.9,35.5,31.4,28.9,26.1,74,39,10.6,150.0,9.1,no,0.4161600806770138,118,34,13,5,2023-06-26,0.11016949152542373,0.0423728813559322
Tuesday,1009.1,35.1,31.3,29.4,26.3,75,57,9.9,160.0,11.9,yes,0.3969467407650258,82,31,12,3,2023-06-27,0.14634146341463414,0.036585365853658534
Wednesday,1007.5,35.1,31.1,28.6,26.7,78,61,8.6,60.0,15.7,yes,0.501582019423496,105,40,19,5,2023-06-28,0.18095238095238095,0.047619047619047616
Thursday,1007.5,32.3,29.1,26.3,26.3,85,83,4.2,220.0,26.1,yes,0.43254935547027185,116,36,14,5,2023-06-29,0.1206896551724138,0.04310344827586207
Friday,1010.0,33.3,29.0,27.5,26.7,87,79,3.9,160.0,23.4,yes,0.4260924868395993,105,42,10,14,2023-06-30,0.09523809523809523,0.13333333333333333
Saturday,1010.3,33.1,30.0,27.8,26.0,80,83,6.3,190.0,24.4,yes,0.5394797706668014,127,36,10,10,2023-07-01,0.07874015748031496,0.07874015748031496
Sunday,1008.9,33.0,30.1,27.7,26.0,79,78,5.3,190.0,21.9,yes,0.5468745329869016,132,43,12,11,2023-07-02,0.09090909090909091,0.08333333333333333
Monday,1009.1,32.0,29.4,26.9,26.0,82,86,2.7,200.0,21.9,yes,0.3967570228277689,96,31,6,3,2023-07-03,0.0625,0.03125
Tuesday,1008.7,31.5,29.4,27.3,25.8,82,84,1.8,190.0,25.1,yes,0.5750154923023122,111,41,19,6,2023-07-04,0.17117117117117117,0.05405405405405406
Wednesday,1006.6,33.0,30.1,28.0,25.9,78,83,6.8,180.0,33.0,yes,0.5565700560115582,121,42,18,11,2023-07-05,0.1487603305785124,0.09090909090909091
Thursday,1007.5,32.6,29.0,25.8,26.5,87,88,5.4,130.0,22.5,yes,0.32103283113462183,85,20,12,6,2023-07-06,0.1411764705882353,0.07058823529411765
Friday,1008.4,28.8,27.3,24.7,26.0,93,88,0.5,130.0,24.8,yes,0.4606265071006532,103,44,23,11,2023-07-07,0.22330097087378642,0.10679611650485436
Saturday,1005.9,34.0,30.2,27.9,25.6,77,53,10.5,270.0,11.3,yes,0.45555716021772613,131,39,14,13,2023-07-08,0.10687022900763359,0.09923664122137404
Sunday,1001.0,34.2,31.0,28.1,25.9,75,46,10.4,280.0,23.5,no,0.37883002626578555,109,22,5,4,2023-07-09,0.045871559633027525,0.03669724770642202
Monday,999.0,35.6,31.5,26.4,26.4,75,57,10.0,280.0,25.0,yes,0.325313859690076,86,26,13,5,2023-07-10,0.1511627906976744,0.05813953488372093
Tuesday,1000.3,31.3,28.6,26.2,25.0,81,88,2.5,240.0,18.8,yes,0.36886589008558607,91,29,14,7,2023-07-11,0.15384615384615385,0.07692307692307693
Wednesday,1002.2,31.1,28.9,26.1,26.1,85,89,2.4,240.0,19.8,yes,0.4210074912579031,104,36,16,7,2023-07-12,0.15384615384615385,0.0673076923076923
Thursday,1003.8,29.0,28.1,27.0,25.1,84,88,0.0,230.0,16.3,yes,0.4107864653469591,124,43,10,8,2023-07-13,0.08064516129032258,0.06451612903225806
Friday,1005.0,31.7,28.6,25.6,26.1,87,82,2.2,160.0,12.6,yes,0.34597699812075416,98,23,9,4,2023-07-14,0.09183673469387756,0.04081632653061224
Saturday,1006.8,30.3,28.9,26.4,26.2,86,83,0.2,230.0,14.3,yes,0.5021324459475025,139,39,11,12,2023-07-15,0.07913669064748201,0.08633093525179857
Sunday,1007.0,33.0,30.2,28.6,26.4,81,78,6.2,230.0,22.4,yes,0.3445068691641691,116,24,12,5,2023-07-16,0.10344827586206896,0.04310344827586207
Monday,1008.1,33.2,30.6,29.0,26.4,79,69,8.5,240.0,25.1,yes,0.40932548026465787,121,35,20,11,2023-07-17,0.1652892561983471,0.09090909090909091
Tuesday,1008.5,33.2,30.6,29.0,26.2,78,69,9.2,230.0,23.7,no,0.3450289016760935,83,32,11,3,2023-07-18,0.13253012048192772,0.03614457831325301
Wednesday,1007.5,32.4,30.4,28.7,25.3,74,72,10.1,230.0,23.7,yes,0.3952703801786698,87,32,7,7,2023-07-19,0.08045977011494253,0.08045977011494253
Thursday,1007.9,32.3,29.9,26.7,25.8,79,78,4.1,220.0,25.1,yes,0.5449248878337,118,40,20,10,2023-07-20,0.1694915254237288,0.0847457627118644
Friday,1009.8,31.9,29.2,25.6,25.6,82,70,6.4,220.0,22.6,yes,0.39149363064342513,100,26,9,7,2023-07-21,0.09,0.07
Saturday,1010.9,33.3,30.0,27.5,25.3,76,49,8.8,220.0,12.3,yes,0.5551836271438623,130,44,22,10,2023-07-22,0.16923076923076924,0.07692307692307693
Sunday,1010.3,32.9,30.0,28.1,25.2,76,29,11.4,240.0,14.5,no,0.39069499341246827,120,22,7,2,2023-07-23,0.058333333333333334,0.016666666666666666
Monday,1008.9,32.8,30.0,28.0,25.4,77,32,11.9,250.0,21.6,no,0.4343940127656949,117,41,23,9,2023-07-24,0.19658119658119658,0.07692307692307693
Tuesday,1008.4,34.0,30.4,28.0,24.6,72,21,12.1,240.0,16.0,no,0.5158111677788659,124,44,24,8,2023-07-25,0.1935483870967742,0.06451612903225806
Wednesday,1008.6,35.0,30.8,28.3,25.5,74,28,11.0,130.0,8.3,no,0.5360019061696284,101,39,10,8,2023-07-26,0.09900990099009901,0.07920792079207921
Thursday,1008.3,32.0,29.4,27.0,26.4,84,57,7.4,60.0,17.5,yes,0.42286066433183483,110,38,17,13,2023-07-27,0.15454545454545454,0.11818181818181818
Friday,1009.3,33.4,30.2,28.0,25.3,76,44,10.1,200.0,9.5,yes,0.40484114494545465,113,39,15,7,2023-07-28,0.13274336283185842,0.061946902654867256
Saturday,1009.7,32.9,30.1,28.1,24.8,74,29,11.8,240.0,12.8,no,0.5777907767585271,135,34,12,9,2023-07-29,0.08888888888888889,0.06666666666666667
Sunday,1008.5,33.7,30.3,27.6,24.9,74,32,11.8,260.0,21.9,no,0.437611851386849,137,39,23,8,2023-07-30,0.1678832116788321,0.058394160583941604
Monday,1006.6,33.5,29.9,28.7,24.7,74,49,6.3,270.0,16.1,yes,0.5238445356710485,124,44,14,5,2023-07-31,0.11290322580645161,0.04032258064516129
Tuesday,1005.1,33.9,30.1,27.0,24.9,74,47,10.4,50.0,14.1,yes,0.5353333854566259,114,43,13,10,2023-08-01,0.11403508771929824,0.08771929824561403
Wednesday,1011.2,32.2,28.9,26.9,24.6,78,69,10.7,20.0,11.8,no,0.3979496462302765,91,25,12,5,2023-08-02,0.13186813186813187,0.054945054945054944
Thursday,1011.6,32.3,28.9,26.8,24.5,78,54,11.4,100.0,9.8,no,0.4884406941770023,103,34,13,6,2023-08-03,0.1262135922330097,0.05825242718446602
Friday,1010.6,33.3,29.5,27.3,24.5,75,38,10.3,20.0,5.5,no,0.32415461060491974,98,31,5,2,2023-08-04,0.05102040816326531,0.02040816326530612
Saturday,1008.3,33.3,29.4,26.8,24.1,74,29,5.7,10.0,4.4,no,0.5343777337724623,123,41,23,14,2023-08-05,0.18699186991869918,0.11382113821138211
Sunday,1006.1,33.3,29.6,27.6,24.4,74,27,10.8,220.0,8.7,no,0.5760817915844747,127,37,16,13,2023-08-06,0.12598425196850394,0.10236220472440945
Monday,1005.3,33.1,30.1,27.8,24.2,72,29,10.6,220.0,6.1,no,0.3305794569997766,95,27,10,2,2023-08-07,0.10526315789473684,0.021052631578947368
Tuesday,1003.4,33.3,30.7,28.2,24.9,72,40,10.0,290.0,10.9,no,0.5669736311014765,104,33,15,8,2023-08-08,0.14423076923076922,0.07692307692307693
Wednesday,998.5,36.3,32.4,30.0,24.0,62,55,10.8,290.0,17.2,no,0.3318427075968969,82,33,5,6,2023-08-09,0.06097560975609756,0.07317073170731707
Thursday,998.5,34.7,31.0,26.9,24.8,71,80,10.0,220.0,26.4,yes,0.3578524579596117,96,25,9,3,2023-08-10,0.09375,0.03125
Friday,1004.5,30.6,28.1,25.1,25.2,85,88,0.6,230.0,20.2,yes,0.39016491838162193,98,30,6,3,2023-08-11,0.061224489795918366,0.030612244897959183
Saturday,1007.3,32.8,29.2,26.3,25.4,81,77,6.5,220.0,13.9,yes,0.34692727371042725,116,20,9,2,2023-08-12,0.07758620689655173,0.017241379310344827
Sunday,1007.9,33.7,30.0,27.8,25.8,79,78,9.1,220.0,11.9,yes,0.4158811512938963,128,44,22,12,2023-08-13,0.171875,0.09375
Monday,1007.9,29.6,28.0,26.4,25.6,87,84,0.1,230.0,22.9,yes,0.5321761404250269,111,33,22,12,2023-08-14,0.1981981981981982,0.10810810810810811
Tuesday,1007.4,28.8,26.9,25.6,25.1,90,88,0.2,210.0,12.9,yes,0.5458984282704097,116,44,22,6,2023-08-15,0.1896551724137931,0.05172413793103448
Wednesday,1008.5,28.6,27.0,24.9,25.0,89,88,0.3,220.0,14.2,yes,0.4851888042481532,105,44,20,14,2023-08-16,0.19047619047619047,0.13333333333333333
Thursday,1008.5,31.2,29.2,26.9,26.5,86,88,0.2,230.0,18.0,yes,0.3355853668706196,83,29,11,6,2023-08-17,0.13253012048192772,0.07228915662650602
Friday,1008.2,32.4,29.9,28.3,26.6,83,81,8.4,230.0,20.5,yes,0.3177387153070774,94,22,7,5,2023-08-18,0.07446808510638298,0.05319148936170213
Saturday,1008.0,33.8,30.2,28.4,25.8,78,67,10.2,220.0,18.1,yes,0.41752757144474995,137,44,15,7,2023-08-19,0.10948905109489052,0.051094890510948905
Sunday,1007.7,32.8,30.1,28.1,25.7,77,59,10.4,230.0,16.6,no,0.5795198222195284,130,41,20,13,2023-08-20,0.15384615384615385,0.1
Monday,1006.3,31.2,29.1,26.8,26.1,84,67,5.0,270.0,6.9,yes,0.566184069275399,102,39,19,14,2023-08-21,0.18627450980392157,0.13725490196078433
Tuesday,1002.2,33.4,30.0,26.9,25.5,77,70,7.7,350.0,13.6,no,0.41449371019867737,113,41,20,7,2023-08-22,0.17699115044247787,0.061946902654867256
Wednesday,1000.1,32.0,30.2,28.4,24.4,71,48,6.1,10.0,12.0,yes,0.5668920691545476,104,41,10,11,2023-08-23,0.09615384615384616,0.10576923076923077
Thursday,1000.0,32.9,30.6,28.0,24.2,69,30,7.6,220.0,11.7,yes,0.5976752674093341,114,36,19,13,2023-08-24,0.16666666666666666,0.11403508771929824
Friday,1002.4,33.2,30.7,28.3,24.3,70,48,7.8,10.0,11.0,no,0.37621800538549244,87,34,6,2,2023-08-25,0.06896551724137931,0.022988505747126436
Saturday,1005.5,34.4,30.6,27.9,23.2,65,22,9.1,10.0,10.7,no,0.3509721060132522,106,22,6,6,2023-08-26,0.05660377358490566,0.05660377358490566
Sunday,1008.1,31.7,28.9,27.8,25.3,81,78,1.1,40.0,16.4,yes,0.4637805123516787,130,31,19,11,2023-08-27,0.14615384615384616,0.08461538461538462
Monday,1008.1,32.4,29.0,27.0,25.0,79,75,6.7,200.0,12.0,no,0.3693156666230175,94,20,10,4,2023-08-28,0.10638297872340426,0.0425531914893617
Tuesday,1006.5,31.2,28.3,26.9,24.4,79,84,4.5,210.0,8.9,yes,0.3951446591794972,83,21,6,2,2023-08-29,0.07228915662650602,0.024096385542168676
Wednesday,1006.2,29.6,27.8,26.5,24.8,84,87,3.1,230.0,11.0,yes,0.5720150746960747,108,31,13,5,2023-08-30,0.12037037037037036,0.046296296296296294
Thursday,1006.8,27.9,26.6,25.8,25.2,92,88,0.0,220.0,5.9,yes,0.5162392958977917,106,35,20,5,2023-08-31,0.18867924528301888,0.04716981132075472
Friday,1007.4,29.0,27.4,25.8,25.0,87,88,0.9,40.0,5.7,yes,0.5127026143398619,105,41,24,9,2023-09-01,0.22857142857142856,0.08571428571428572
Saturday,1007.8,28.9,27.4,25.7,25.4,89,87,0.4,50.0,8.6,yes,0.9574529309089528,146,40,39,22,2023-09-02,0.2671232876712329,0.1506849315068493
Sunday,1010.9,27.7,25.8,24.5,24.8,94,88,0.0,110.0,16.5,yes,0.6049721456720757,137,34,17,8,2023-09-03,0.12408759124087591,0.058394160583941604
Monday,1013.0,29.0,27.6,25.8,25.8,90,87,0.7,60.0,18.2,yes,0.6351744202502222,107,30,12,7,2023-09-04,0.11214953271028037,0.06542056074766354
Tuesday,1013.1,32.9,29.1,27.0,25.7,82,60,8.7,80.0,9.8,no,0.9181311750463712,135,59,22,24,2023-09-05,0.16296296296296298,0.17777777777777778
Wednesday,1011.1,31.9,29.3,27.2,24.8,78,38,11.0,220.0,11.7,no,0.6084743908845653,102,44,19,9,2023-09-06,0.18627450980392157,0.08823529411764706
Thursday,1008.1,32.3,29.6,27.8,25.6,79,43,9.7,240.0,24.9,no,0.9538129941220976,121,47,28,12,2023-09-07,0.23140495867768596,0.09917355371900827
Friday,1007.2,29.6,28.3,26.7,25.9,87,82,0.5,250.0,21.3,yes,0.6816416600573452,118,40,17,13,2023-09-08,0.1440677966101695,0.11016949152542373
Saturday,1009.4,30.7,27.9,26.4,23.1,75,60,8.3,60.0,29.0,no,0.8953047927091407,159,54,28,15,2023-09-09,0.1761006289308176,0.09433962264150944
Sunday,1012.0,31.2,28.2,26.5,23.0,74,44,10.1,70.0,26.2,yes,0.6256102582869881,133,42,18,9,2023-09-10,0.13533834586466165,0.06766917293233082
Monday,1012.7,31.3,28.1,26.5,23.2,75,47,7.9,60.0,24.5,no,0.8739034305276691,136,53,20,12,2023-09-11,0.14705882352941177,0.08823529411764706
Tuesday,1011.1,31.0,28.1,26.8,23.7,77,46,8.4,100.0,21.4,yes,0.7156695456653581,125,57,36,15,2023-09-12,0.288,0.12
Wednesday,1011.5,30.5,27.9,26.2,23.2,76,66,6.7,90.0,22.6,yes,0.9613327648695096,146,58,37,16,2023-09-13,0.2534246575342466,0.1095890410958904
Thursday,1013.0,31.2,28.0,25.8,21.4,68,49,9.2,50.0,39.9,no,0.7850850361963543,147,44,28,19,2023-09-14,0.19047619047619047,0.1292517006802721
Friday,1012.2,31.4,28.0,25.9,22.1,71,46,9.3,60.0,41.3,no,0.97876632763427,137,43,23,14,2023-09-15,0.1678832116788321,0.10218978102189781
Saturday,1011.3,31.9,28.6,26.5,23.1,73,60,9.0,70.0,39.5,no,0.7486212944860509,158,44,27,10,2023-09-16,0.17088607594936708,0.06329113924050633
Sunday,1011.9,31.0,28.1,26.9,24.5,81,86,2.1,70.0,32.2,yes,0.685839072618391,123,38,12,7,2023-09-17,0.0975609756097561,0.056910569105691054
Monday,1014.6,30.6,28.2,27.1,24.2,79,72,7.1,70.0,27.4,yes,0.9692747883986368,149,48,33,18,2023-09-18,0.2214765100671141,0.12080536912751678
Tuesday,1015.0,31.8,28.5,26.8,24.0,77,47,8.6,70.0,14.5,yes,0.6463517239264395,120,39,10,12,2023-09-19,0.08333333333333333,0.1
Wednesday,1012.2,30.6,28.3,26.8,24.3,79,67,3.8,180.0,8.1,no,0.9302493949979189,128,59,22,18,2023-09-20,0.171875,0.140625
Thursday,1009.3,31.1,28.7,27.1,24.5,78,74,7.7,200.0,14.5,yes,0.6344224326603812,104,33,13,11,2023-09-21,0.125,0.10576923076923077
Friday,1008.6,28.7,27.4,25.5,23.8,81,88,0.4,190.0,11.9,yes,0.8577525146741171,137,43,32,18,2023-09-22,0.23357664233576642,0.13138686131386862
Saturday,1009.9,31.0,28.1,26.3,25.5,86,67,8.8,110.0,14.8,yes,0.9869132381097354,165,52,29,11,2023-09-23,0.17575757575757575,0.06666666666666667
Sunday,1009.1,32.0,28.9,27.3,25.3,81,40,6.8,110.0,10.2,yes,0.8162969572213249,146,40,26,21,2023-09-24,0.1780821917808219,0.14383561643835616
Monday,1006.7,32.0,29.3,27.4,24.7,77,23,11.1,230.0,17.3,no,0.6421422547460939,106,36,17,5,2023-09-25,0.16037735849056603,0.04716981132075472
Tuesday,1004.9,32.2,29.7,28.1,25.3,78,38,11.0,230.0,20.5,no,0.9253510720199551,125,42,37,14,2023-09-26,0.296,0.112
Wednesday,1006.7,32.2,28.7,26.9,26.3,87,71,4.7,90.0,14.0,yes,0.7907071299513179,134,42,28,13,2023-09-27,0.208955223880597,0.09701492537313433
Thursday,1008.2,30.2,27.8,26.5,25.0,85,81,2.5,90.0,15.1,yes,0.7734490658427586,123,40,28,11,2023-09-28,0.22764227642276422,0.08943089430894309
Friday,1006.7,32.8,29.0,25.8,20.6,61,30,11.1,10.0,16.4,no,0.9540115543766113,144,53,37,18,2023-09-29,0.2569444444444444,0.125
Saturday,1005.6,31.3,29.7,27.4,20.0,56,53,10.4,230.0,15.5,no,0.9629208898136641,168,51,29,10,2023-09-30,0.17261904761904762,0.05952380952380952
Sunday,1011.0,32.7,29.8,28.2,24.8,75,78,8.5,140.0,12.7,yes,0.8352799616231047,156,56,24,21,2023-10-01,0.15384615384615385,0.1346153846153846
Monday,1013.0,31.7,28.8,26.4,25.3,81,84,2.9,30.0,7.9,yes,0.9166604981026512,128,56,36,12,2023-10-02,0.28125,0.09375
Tuesday,1012.4,31.6,27.9,26.5,23.1,76,82,4.2,10.0,30.6,yes,0.8667304445815882,143,50,22,23,2023-10-03,0.15384615384615385,0.16083916083916083
Wednesday,1011.7,29.7,26.8,24.2,23.7,83,88,1.6,60.0,52.8,yes,0.7377054663290089,144,49,26,20,2023-10-04,0.18055555555555555,0.1388888888888889
Thursday,1013.2,27.8,26.7,24.9,25.2,92,95,0.0,120.0,50.7,yes,0.6708053334115428,119,35,15,9,2023-10-05,0.12605042016806722,0.07563025210084033
Friday,1015.2,27.8,26.7,25.4,25.4,93,88,0.9,100.0,37.0,yes,0.9094931017299861,125,53,36,22,2023-10-06,0.288,0.176
Saturday,1014.1,26.8,26.0,25.3,25.4,97,86,0.4,100.0,30.4,yes,0.9835465279158664,146,58,29,16,2023-10-07,0.19863013698630136,0.1095890410958904
Sunday,1012.7,27.6,26.4,25.0,25.0,92,85,0.7,140.0,12.5,yes,0.9420682856681062,142,48,27,11,2023-10-08,0.19014084507042253,0.07746478873239436
Monday,1010.5,30.0,27.8,26.1,23.1,76,54,10.6,300.0,13.0,no,0.7445894897934813,144,45,20,19,2023-10-09,0.1388888888888889,0.13194444444444445
Tuesday,1011.3,29.4,26.8,24.8,20.9,70,45,7.1,20.0,20.4,yes,0.6095595880931374,106,40,16,9,2023-10-10,0.1509433962264151,0.08490566037735849
Wednesday,1013.7,26.6,24.3,21.1,19.9,77,85,0.6,20.0,30.2,yes,0.9314726923803719,146,58,27,19,2023-10-11,0.18493150684931506,0.13013698630136986
Thursday,1018.0,22.1,20.5,18.5,16.6,78,88,0.0,20.0,38.3,yes,0.9213448653246373,135,56,35,24,2023-10-12,0.25925925925925924,0.17777777777777778
Friday,1019.0,24.9,23.1,21.0,16.8,67,88,0.0,50.0,28.2,yes,0.6847356979970042,107,38,21,8,2023-10-13,0.19626168224299065,0.07476635514018691
Saturday,1018.7,27.8,25.1,23.3,19.1,70,68,10.5,70.0,32.4,yes,0.9402550425867959,144,52,36,12,2023-10-14,0.25,0.08333333333333333
Sunday,1017.4,28.2,25.0,23.1,20.1,75,51,7.4,70.0,23.9,no,0.9802738830151996,152,57,38,24,2023-10-15,0.25,0.15789473684210525
Monday,1015.2,28.7,25.2,23.1,20.7,76,19,9.1,90.0,14.1,no,0.8703712826334613,122,57,20,14,2023-10-16,0.16393442622950818,0.11475409836065574
Tuesday,1013.8,29.4,25.8,23.3,20.4,73,20,10.5,30.0,9.9,no,0.8253918486764704,147,46,34,24,2023-10-17,0.23129251700680273,0.16326530612244897
Wednesday,1013.4,30.8,26.2,23.6,19.5,69,17,10.5,70.0,12.4,no,0.9541296761719811,129,49,33,12,2023-10-18,0.2558139534883721,0.09302325581395349
Thursday,1012.5,29.1,25.5,23.5,19.3,70,43,9.7,60.0,8.9,no,0.8279670543884942,125,51,37,12,2023-10-19,0.296,0.096
Friday,1010.2,28.2,25.3,23.1,16.7,59,79,4.4,20.0,17.3,no,0.8138755899014053,139,54,36,11,2023-10-20,0.2589928057553957,0.07913669064748201
Saturday,1008.3,29.1,26.2,23.8,17.3,58,78,7.5,10.0,17.2,no,0.9843681267796262,157,42,30,18,2023-10-21,0.1910828025477707,0.11464968152866242
Sunday,1010.2,29.2,26.4,24.3,19.3,65,64,6.4,10.0,13.2,yes,0.9403745288642249,147,59,28,15,2023-10-22,0.19047619047619047,0.10204081632653061
Monday,1012.0,30.6,27.0,25.3,20.9,70,48,7.8,120.0,9.2,no,0.9172371372518272,122,48,36,14,2023-10-23,0.29508196721311475,0.11475409836065574
Tuesday,1013.0,30.7,27.0,24.8,21.6,73,50,8.3,80.0,9.9,no,0.6775285877815329,112,32,21,13,2023-10-24,0.1875,0.11607142857142858
Wednesday,1015.0,29.6,26.8,24.9,22.1,76,61,8.2,80.0,19.7,yes,0.8658419321042562,147,41,37,14,2023-10-25,0.25170068027210885,0.09523809523809523
Thursday,1016.8,26.6,25.9,25.4,21.7,77,77,3.0,80.0,37.5,yes,0.6345576932580824,108,42,20,11,2023-10-26,0.18518518518518517,0.10185185185185185
Friday,1016.8,26.2,25.4,24.5,22.3,83,81,0.8,80.0,28.9,yes,0.9531713974200128,122,58,37,14,2023-10-27,0.30327868852459017,0.11475409836065574
Saturday,1015.6,30.1,26.5,24.3,22.1,77,48,9.5,60.0,10.3,no,0.8848027999107579,145,51,37,16,2023-10-28,0.25517241379310346,0.1103448275862069
Sunday,1017.0,29.2,26.7,25.5,23.3,82,46,9.5,110.0,15.8,yes,0.7687045591143102,146,42,25,21,2023-10-29,0.17123287671232876,0.14383561643835616
Monday,1018.2,28.4,26.4,25.5,22.9,81,61,7.0,90.0,24.2,yes,0.785148365773223,134,40,25,24,2023-10-30,0.1865671641791045,0.1791044776119403
Tuesday,1017.8,29.6,26.7,25.3,23.1,81,53,8.4,100.0,16.5,no,0.6015544316019691,117,44,24,5,2023-10-31,0.20512820512820512,0.042735042735042736
Wednesday,1020.4,27.2,25.6,24.4,21.6,79,66,5.3,80.0,40.8,yes,0.6295253302023559,121,44,22,14,2023-11-01,0.18181818181818182,0.11570247933884298
Thursday,1020.9,24.5,22.9,20.5,17.8,73,61,4.3,20.0,29.6,no,0.890474476085414,141,45,33,20,2023-11-02,0.23404255319148937,0.14184397163120568
Friday,1019.8,26.0,22.6,19.7,16.0,67,72,7.5,20.0,22.5,yes,0.6460776482589737,111,39,22,10,2023-11-03,0.1981981981981982,0.09009009009009009
Saturday,1019.5,25.8,23.7,22.3,18.8,74,82,2.4,70.0,32.9,yes,0.8431204679108864,149,44,27,13,2023-11-04,0.18120805369127516,0.087248322147651
Sunday,1018.1,26.6,24.7,23.1,20.4,77,83,3.0,80.0,29.8,yes,0.9814714124311681,145,50,33,23,2023-11-05,0.22758620689655173,0.15862068965517243
Monday,1016.1,28.2,25.8,24.5,22.0,80,82,6.5,70.0,28.3,yes,0.6182756496867173,104,30,24,13,2023-11-06,0.23076923076923078,0.125
Tuesday,1015.6,26.3,25.5,24.7,22.4,83,81,0.5,80.0,30.2,yes,0.6578499751750286,116,38,10,9,2023-11-07,0.08620689655172414,0.07758620689655173
Wednesday,1016.3,28.4,26.2,25.2,23.4,85,87,3.4,80.0,24.8,yes,0.9782709020073859,135,50,23,24,2023-11-08,0.17037037037037037,0.17777777777777778
Thursday,1016.4,28.7,26.5,25.5,23.6,84,70,5.9,70.0,18.0,yes,0.9275022255191782,130,44,28,15,2023-11-09,0.2153846153846154,0.11538461538461539
Friday,1015.8,30.3,26.7,24.8,23.3,82,58,7.7,50.0,12.8,yes,0.7719566727483405,128,54,20,12,2023-11-10,0.15625,0.09375
Saturday,1016.9,25.9,24.9,24.0,21.4,81,88,1.1,80.0,46.3,yes,0.8169290393071524,151,47,26,22,2023-11-11,0.17218543046357615,0.1456953642384106
Sunday,1017.7,25.4,23.8,22.6,20.6,82,85,2.6,80.0,43.8,yes,0.9413353983090678,145,40,22,18,2023-11-12,0.15172413793103448,0.12413793103448276
Monday,1017.3,24.2,23.9,23.6,21.1,84,88,0.0,80.0,41.4,yes,0.6776582250025986,101,34,16,7,2023-11-13,0.15841584158415842,0.06930693069306931
Tuesday,1015.2,25.3,23.3,21.0,22.1,92,86,0.3,80.0,29.7,yes,0.8786511920973745,125,49,39,18,2023-11-14,0.312,0.144
Wednesday,1014.5,26.9,24.3,22.3,21.2,83,74,5.5,30.0,13.8,yes,0.9915383533215049,128,59,37,22,2023-11-15,0.2890625,0.171875
Thursday,1015.2,24.8,24.2,23.5,22.3,89,84,0.1,80.0,35.8,yes,0.8200800539356381,145,58,30,10,2023-11-16,0.20689655172413793,0.06896551724137931
Friday,1013.7,25.9,24.8,23.6,23.5,93,74,2.3,80.0,25.5,yes,0.7846475466482689,144,59,38,12,2023-11-17,0.2638888888888889,0.08333333333333333
Saturday,1013.9,27.2,25.5,24.4,23.8,90,51,7.0,80.0,17.2,no,0.6358018593707663,125,38,16,11,2023-11-18,0.128,0.088
Sunday,1016.0,29.1,26.1,24.1,23.2,84,20,8.2,80.0,7.9,no,0.6153082483431398,128,31,18,14,2023-11-19,0.140625,0.109375
Monday,1017.0,28.5,25.9,24.5,22.9,84,58,5.9,70.0,22.1,yes,0.8314632908941719,128,52,25,16,2023-11-20,0.1953125,0.125
Tuesday,1017.2,25.9,24.8,24.4,21.6,82,73,1.1,80.0,30.6,yes,0.8045207729045819,138,43,39,22,2023-11-21,0.2826086956521739,0.15942028985507245
Wednesday,1017.0,26.0,24.8,23.9,21.1,80,83,0.4,70.0,40.4,no,0.8231432409510201,144,46,38,20,2023-11-22,0.2638888888888889,0.1388888888888889
Thursday,1017.1,27.6,25.4,24.0,21.3,78,65,8.3,80.0,29.2,yes,0.6846813711929496,105,34,22,6,2023-11-23,0.20952380952380953,0.05714285714285714
Friday,1016.7,28.4,25.4,23.7,21.2,78,47,7.7,90.0,19.6,no,0.7887941975352609,146,52,25,15,2023-11-24,0.17123287671232876,0.10273972602739725
Saturday,1016.7,26.6,24.5,23.3,19.8,76,35,9.8,70.0,31.2,yes,0.7462100773744615,164,57,23,16,2023-11-25,0.1402439024390244,0.0975609756097561
Sunday,1017.7,25.3,22.6,18.2,16.8,70,44,6.9,20.0,28.6,no,0.7216397212884145,141,54,35,22,2023-11-26,0.24822695035460993,0.15602836879432624
Monday,1020.6,21.2,18.2,15.8,7.8,52,46,3.5,20.0,34.3,no,0.6464036762272322,117,38,14,12,2023-11-27,0.11965811965811966,0.10256410256410256
Tuesday,1022.4,20.4,18.4,15.3,9.7,57,44,8.6,60.0,39.3,no,0.7675682527563009,146,56,29,23,2023-11-28,0.19863013698630136,0.15753424657534246
Wednesday,1022.5,22.9,20.8,19.2,15.0,70,49,8.6,70.0,34.0,no,0.8649484682878121,141,56,26,20,2023-11-29,0.18439716312056736,0.14184397163120568
Thursday,1021.2,24.1,22.1,20.3,17.4,75,40,8.8,60.0,16.0,no,0.7070907689007646,149,49,37,19,2023-11-30,0.2483221476510067,0.12751677852348994
Friday,1018.9,25.2,22.4,20.4,17.7,75,56,6.0,100.0,15.7,yes,0.8997319117342772,123,42,35,10,2023-12-01,0.2845528455284553,0.08130081300813008
Saturday,1017.6,25.1,22.9,22.0,19.0,79,85,2.0,70.0,25.0,no,0.9204327556817918,149,40,38,20,2023-12-02,0.2550335570469799,0.1342281879194631
Sunday,1017.1,25.0,23.3,22.2,19.6,80,69,6.3,70.0,15.9,yes,0.9957973425676853,156,47,28,17,2023-12-03,0.1794871794871795,0.10897435897435898
Monday,1019.4,22.3,20.8,19.6,16.5,77,93,0.0,20.0,27.9,yes,0.7771061652475562,131,51,27,12,2023-12-04,0.20610687022900764,0.0916030534351145
Tuesday,1021.1,21.0,19.5,18.4,14.9,75,88,0.6,50.0,37.9,yes,0.8733812351131935,141,55,24,24,2023-12-05,0.1702127659574468,0.1702127659574468
Wednesday,1018.4,20.3,18.4,15.7,15.8,85,91,0.1,70.0,41.3,yes,0.7247142571621517,128,43,25,20,2023-12-06,0.1953125,0.15625
Thursday,1021.3,18.1,16.6,15.4,12.2,76,91,0.1,10.0,28.4,yes,0.6023488804087941,109,44,12,12,2023-12-07,0.11009174311926606,0.11009174311926606
Friday,1023.1,19.3,17.3,15.4,12.1,72,86,0.9,10.0,21.8,no,0.8942569044322661,120,45,32,10,2023-12-08,0.26666666666666666,0.08333333333333333
Saturday,1022.2,19.0,18.0,17.0,14.1,78,90,0.0,30.0,28.5,yes,0.7855065668294725,152,52,39,16,2023-12-09,0.2565789473684211,0.10526315789473684
Sunday,1016.8,18.9,17.7,16.9,16.8,95,95,0.0,60.0,35.1,yes,0.9586258855845469,147,45,23,15,2023-12-10,0.1564625850340136,0.10204081632653061
Monday,1015.5,20.9,19.3,17.6,16.8,86,80,5.1,20.0,10.2,yes,0.9852140791510432,137,48,24,24,2023-12-11,0.17518248175182483,0.17518248175182483
Tuesday,1016.4,23.0,19.9,17.9,15.5,76,72,6.3,60.0,20.7,no,0.9337606659140915,130,46,39,22,2023-12-12,0.3,0.16923076923076924
Wednesday,1016.2,20.7,20.0,19.4,17.1,83,88,0.2,70.0,39.5,no,0.6444894417777911,118,43,15,6,2023-12-13,0.1271186440677966,0.05084745762711865
Thursday,1016.4,21.0,20.4,19.7,17.8,85,83,0.0,70.0,30.3,yes,0.856173377691213,130,42,21,10,2023-12-14,0.16153846153846155,0.07692307692307693
Friday,1016.6,21.3,20.4,19.1,17.3,82,84,0.4,50.0,20.3,yes,0.7386421471755092,144,51,28,13,2023-12-15,0.19444444444444445,0.09027777777777778
Saturday,1019.0,20.4,18.4,16.0,12.6,69,70,2.2,10.0,26.8,yes,0.702401014019215,159,56,31,20,2023-12-16,0.1949685534591195,0.12578616352201258
Sunday,1022.5,17.2,15.2,13.4,4.3,49,11,9.3,10.0,48.0,no,0.6118167937353288,125,40,11,7,2023-12-17,0.088,0.056
Monday,1025.9,15.2,13.2,11.5,-0.4,39,25,9.1,20.0,35.6,no,0.8389672509075452,141,50,24,10,2023-12-18,0.1702127659574468,0.07092198581560284
Tuesday,1026.4,16.5,13.9,11.3,3.1,48,11,9.5,40.0,25.2,no,0.9174933326360539,132,56,36,14,2023-12-19,0.2727272727272727,0.10606060606060606
Wednesday,1025.4,18.2,16.2,13.8,8.7,62,71,2.1,30.0,29.0,no,0.7508998923418735,145,55,30,10,2023-12-20,0.20689655172413793,0.06896551724137931
Thursday,1022.5,18.6,17.6,17.0,12.9,75,88,0.0,40.0,19.0,yes,0.8616826084364972,122,51,20,19,2023-12-21,0.16393442622950818,0.1557377049180328
Friday,1021.3,21.1,19.4,17.1,16.2,82,87,1.6,50.0,22.5,yes,0.9498756475125978,148,59,29,17,2023-12-22,0.19594594594594594,0.11486486486486487
Saturday,1020.3,20.6,19.9,18.7,17.6,87,88,0.3,60.0,27.3,yes,0.897304641417511,156,48,26,14,2023-12-23,0.16666666666666666,0.08974358974358974
Sunday,1017.8,22.3,21.1,19.8,19.6,91,79,0.0,40.0,15.0,yes,0.7135734373446381,144,40,20,24,2023-12-24,0.1388888888888889,0.16666666666666666
Monday,1016.8,24.7,22.3,21.1,20.7,91,70,6.0,40.0,9.4,yes,0.9778876797127332,135,58,38,22,2023-12-25,0.2814814814814815,0.16296296296296298
Tuesday,1020.4,21.4,18.2,16.1,13.5,75,89,0.7,10.0,27.6,yes,0.9344718551828592,135,49,21,14,2023-12-26,0.15555555555555556,0.1037037037037037
Wednesday,1020.6,19.7,17.9,16.9,13.3,74,87,0.6,30.0,21.6,no,0.8042926096846678,128,48,20,22,2023-12-27,0.15625,0.171875
Thursday,1022.7,18.8,17.7,16.9,15.0,84,90,0.0,30.0,18.4,yes,0.6031363320443639,115,40,16,5,2023-12-28,0.1391304347826087,0.043478260869565216
Friday,1026.6,18.6,17.3,16.3,12.8,75,85,1.0,20.0,25.9,yes,0.9801446125382474,129,52,29,18,2023-12-29,0.2248062015503876,0.13953488372093023
Saturday,1025.9,18.9,17.7,16.4,13.3,75,78,4.6,70.0,33.4,yes,0.8732352739894931,145,50,27,15,2023-12-30,0.18620689655172415,0.10344827586206896
Sunday,1025.3,19.2,17.3,15.2,13.3,78,86,1.2,20.0,20.9,yes,0.9948021940254808,162,50,35,12,2023-12-31,0.21604938271604937,0.07407407407407407
Monday,1026.4,20.5,17.8,15.5,13.0,74,66,5.7,20.0,23.3,no,0.6111942415942048,106,43,22,8,2024-01-01,0.20754716981132076,0.07547169811320754
